{
    "simulations": [
        {
            "gOff": 7.723066346443375e-07,
            "gOn": 2.730684400376049e-06,
            "kV": 0.5,
            "modelSize": "tiny",
            "optimiser": "adam",
            "doubleWeights": true,
            "discretisation": false,
            "conductanceDrifting": true,
            "numberHiddenLayers": 1,
            "nonidealities": [
                {
                    "type": "StuckDistribution",
                    "parameters": [
                        [
                            7.723066346443375e-07,
                            1.7514955175101932e-06,
                            2.730684400376049e-06
                        ]
                    ]
                }
            ],
            "noiseVariance": 0,
            "numberSimulations": 1
        },
        {
            "gOff": 7.723066346443375e-07,
            "gOn": 2.730684400376049e-06,
            "kV": 0.5,
            "modelSize": "tiny",
            "optimiser": "adam",
            "doubleWeights": true,
            "discretisation": false,
            "conductanceDrifting": true,
            "numberHiddenLayers": 2,
            "nonidealities": [
                {
                    "type": "StuckDistribution",
                    "parameters": [
                        [
                            7.723066346443375e-07,
                            1.7514955175101932e-06,
                            2.730684400376049e-06
                        ]
                    ]
                }
            ],
            "noiseVariance": 0,
            "numberSimulations": 1
        },
        {
            "gOff": 7.723066346443375e-07,
            "gOn": 2.730684400376049e-06,
            "kV": 0.5,
            "modelSize": "tiny",
            "optimiser": "adam",
            "doubleWeights": true,
            "discretisation": false,
            "conductanceDrifting": true,
            "numberHiddenLayers": 3,
            "nonidealities": [
                {
                    "type": "StuckDistribution",
                    "parameters": [
                        [
                            7.723066346443375e-07,
                            1.7514955175101932e-06,
                            2.730684400376049e-06
                        ]
                    ]
                }
            ],
            "noiseVariance": 0,
            "numberSimulations": 1
        },
        {
            "gOff": 7.723066346443375e-07,
            "gOn": 2.730684400376049e-06,
            "kV": 0.5,
            "modelSize": "tiny",
            "optimiser": "adam",
            "doubleWeights": true,
            "discretisation": false,
            "conductanceDrifting": true,
            "numberHiddenLayers": 4,
            "nonidealities": [
                {
                    "type": "StuckDistribution",
                    "parameters": [
                        [
                            7.723066346443375e-07,
                            1.7514955175101932e-06,
                            2.730684400376049e-06
                        ]
                    ]
                }
            ],
            "noiseVariance": 0,
            "numberSimulations": 1
        }
    ]
}